word,eraab,meaning
ابا,اَبا,(اَ یا اِ) [ په. ] (اِ.) = وا: آش. به حذف همزه نیز خوانده می‌شود مانند: جوجه با، شوربا.
ابا,اِبا,"(اِ) [ ع. ]
۱- (مص ل.) سرباز زدن، سر  - پیچیدن.
۲- خودداری کردن.
۳-  (اِمص.) سرکشی، نافرمانی.
۴- نخوت، تکبر."
ابدال,اَبدال,"(اَ) [ ع. ] (ص. اِ.)جِ بدل یا بدیل.
۱-  نیکان، صالحان، که جهان به برکت وجود ایشان برپاست.
۲- نجیبان، شریفان."
ابدال,اِبدال,"( اِ ) [ ع. ] (مص ل.)
۱- عوض و بدل کردن.
۲- قرار دادن حرفی به جای حرفی دیگر برای دفع ثقل و سنگینی.
۳- یکی از اقسام نه گانه وقف مستعمل چون تبدیل تاء به هاء در رحمت و رحمه."
ابر,اَبر,"( اَ ) (اِ.)
۱- توده عظیم بخار آب، میغ، سحاب.
۲- اسفنج دریایی یا مصنوعی که با آن مثل یک کیسه یا لیف بدن را شستشو دهند؛ ابر حمام."
ابر,اَبَر,(اَ بَ) [ په. ] (اِ.) بالا، مق  پایین.
احیاء,اَحیاء,"( اَ) [ ع. ] (ص.) جِ حی.
۱- زندگان.
۲-  قبیله‌ها، خاندان‌ها."
احیاء,اِحیاء,"( اِ) [ ع. ]
۱- (مص م.) زنده کردن.
۲- آباد کردن زمین.۳ - (مص ل.) شب را به عبادت گذرانیدن.
۴- شب زنده داری کردن.
۵- (اِمص.) زندگی."
احیا,اَحیا,"( اَ) [ ع. ] (ص.) جِ حی.
۱- زندگان.
۲-  قبیله‌ها، خاندان‌ها."
احیا,اِحیا,"( اِ) [ ع. ]
۱- (مص م.) زنده کردن.
۲- آباد کردن زمین.۳ - (مص ل.) شب را به عبادت گذرانیدن.
۴- شب زنده داری کردن.
۵- (اِمص.) زندگی."
اخوان,اَخَوان,(اَ خَ) [ ع. ] (اِ.) تثنیه اخ، دو برادر.
اخوان,اِخوان,(اِ) [ ع. ] (اِ.) جِ اَخ ؛ برادران، دوستان، برادرخواندگان.
ارگ,اَرگ,( اَ ) [ په. ] (اِ.)قلعه کوچک میان قلعه بزرگ.
ارگ,اُرگ,"( اُ ) [ فر. ] (اِ.)
۱- ارغنون.
۲- نوعی ساز شبیه به پیانو اما کوچکتر از آن."
اشتر,اَشتَر,(اَ تَ) [ ع. ] (ص.) کسی که پلک چشمش کفته باشد، دریده چشم.
اشتر,اُشتُر,(اُ تُ) (اِ.) نک  شتر.
اشکال,اَشکال,"( اَ ) [ ع. ] (اِ.) جِ شکل.
۱- صورت‌ها، گونه‌ها، انواع.
۲- پیکرها."
اشکال,اِشکال,"(اِ) [ ع. ]
۱- (مص ل.) دشوار شدن.
۲-  (اِمر.) پوشیده شدن کار.
۳- (اِمص.) دشواری.
۴- خرده گیری."
اعمال,اَعمال,"( اَ ) [ ع. ] (اِ.)جِ عمل.
۱- کارها، کرده‌ها.
۲- شغل‌ها، پیشه‌ها. 
۳- نواحی (حکومتی)."
اعمال,اِعمال,( اِ ) [ ع. ] (مص ل.) به کار بستن.
اپل,اَپِل,(اَ پِ) [ انگ. ] (اِ.) از زبان‌های برنامه  - نویسی کامپیوتر.
اپل,اِپُل,"(اِ پُ) [ فر. ] (اِ.)
۱- بالشتکی که داخل آن را با ابر و پنبه و مانند آن پر می‌کنند و برای خوش حالت نشان دادن سرشانه‌ها از زیر به قسمت داخلی  سرشانه یا میان رویه و آستری می‌دوزند.
۲- سردوشی افسری، شانه، د وش."
بر,بَر,"(بَ) (اِ.)
۱- بالا.
۲- بلند.
۳- نزد. پیش.
۴- هنگام."
بر,بُر,"(بُ)
۱- ریشه فعل «بریدن»
۲- عمل جدا کردن ورق‌های بازی.
۳- (ص فا.) در ترکیب به معنی «برنده» آید: چوب بر، آهن بر.  ؛~خوردن  جابه جا و در هم آمیخته شدن کارها یا ورق‌های بازی."
برس,بِرِس,(بَ) (اِ.) چوبی که در بینی شتر کنند.
برس,بُرِس,"(بُ رُ) [ فر. ] (اِ.)
۱- ابزاری برای مرتب کردن موی سر.
۲- ماهوت پاکن.
۳- مسواک.
۴- قلم موی درشت."
بعد,بَعد,"(بَ) [ ع. ] (ق.)
۱- پس، سپس.
۲- به غیر از، به جز.
۳- پس از.  ؛ ~ از نود و بوقی  (عا.) پس از مدت‌های طولانی."
بعد,بُعد,"(بُ) [ ع. ] (اِ.)۱ - دوری.
۲- جدایی.
۳- طول، عرض وعمق یا ارتفاع جسم.
۴- رأی، حزم."
بلا,بَلا,"(بَ) [ ع. بلاء ] (اِ.)
۱- آزمایش.
۲- سختی، گرفتاری.
۳- مصیبت، آفت.
۴- بدبختی ای که بدون انتظار و بی سبب بر سر کسی وارد آید.
۵- ظلم، ستم.  ؛ ~ بر سر کسی آوردن  کسی را گرفتار زحمت کردن."
بلا,بِلا,(بِ)  [ ع. ]  (پیش.) بی، بدون: این کلمه بر سر اسماء و مصادر عربی درآید مانند: بلاتردید، بلاتشبیه.
بن,بُن,"(بُ) [ په. ] (اِ.)
۱- ریشه، بنیاد.
۲- پایان، آخر.
۳- سوراخ مقعد.
۴- انقیاد."
بن,بِن,(بِ) [ ع. ] (ص.) ابن، پسر.
بنک,بَنَک,"(بَ نَ) (اِ.)
۱- نوعی از قماش اطلس که بر آن گل‌های زربفت باشد.
۲- گل‌ها و نشان‌ها که بر روی مهوشان از نوشیدن شراب بهم رسد، عرق که بر پیشانی ایشان نشیند."
بنک,بُنَک,"(بُ نَ)(اِ.)۱ - ردّ پا.
۲- نشان و اثر هر چیز."
بنک,بَنْک,
بهت,بِهِت,"(بَ یا بُ) [ ع. ] (مص ل.)
۱- سرگشته ماندن، خیره شدن.
۲- عاجز شدن، درمانده گشتن."
بهت,بُهت,"(بُ) [ ع. ] (اِ.)
۱- کذب، دروغ.
۲- افترا."
ترک,تَرَک,(تَ رَ) (اِ.) شکاف، رخنه.
ترک,تَرْک,(تَ) (اِ.) ترگ، کلاهخود، مغفر.
ترک,تُرْک,(تُ) (اِ.) زیباروی، معشوق.
تست,تُسْت,(تُ) [ انگ. ] (ص.) برشته.
تست,تِسْت,"(تِ) [ انگ. ] (اِ.)
۱- نوع خاصی از آزمایش که بنای آن بر طرح پرسش‌های کوتاه و جواب‌های مختلف است.
۲-  مجموعه پرسش‌های چند گزینه‌ای (فره).
۳-  آزمایش، آزمون."
تن,تَن,"(تَ) [ په. ] (اِ.)
۱- بدن.
۲- جسم.
۳- نفر، شخص."
تن,تُن,(تُ) [ فر. ] (اِ.) مقیاس وزن برابر ۱۰۰۰ کیلوگرم.
تنگ,تَنگ,"(تَ) (ص.)
۱- بسیار نزدیک، چسبان.
۲- نایاب."
تنگ,تُنگ,(تُ) (اِ.) کوزه‌ای از جنس سفال یا بلور که قسمت پایین آن بزرگ و بالای آن تنگ و باریک باشد.
تو,too,لب رفتن  (~. رَ تَ) (مص ل.) مأیوس شدن، دمق شدن.
تو,تو,"لک رفتن  (~. رَ تَ) (مص ل.)
۱- پر ریختن مرغ در فصل معینی از سال.
۲- مجازاً دمق شدن."
تک,تَک,(تَ) [ په. ] (ص.) اندک، کم، قلیل.
تک,تُک,"(تُ) (اِ.)
۱- منقار مرغ، نوک پرنده.
۲-  تیزی سر چیزی مانند نوک سوزن و خنجر."
تک,تِک,(تِ) (اِ.) ساج.
جرم,جُرم,(جُ) [ ع. ] (اِ.) گناه، بزه.
جرم,جِرم,"(جِ) [ ع. ] (اِ.)
۱- جسم.
۲- رنگ.
۳- هر یک از اجرام آسمانی."
جز,جُز,(جُ) (حراستث.) غیر، مگر، لا، الا، به استثنای.
جز,جِز,"(جِ) (اِ.)
۱- صدایی که از تماس آب با آتش یا فلز گداخته برخیزد.
۲- صدای تف دادن چیزی در روغن."
جستن,جَستَن,"(جَ تَ) (مص م.)
۱- پریدن، جهیدن.
۲- گریختن.
۳- خلاص شدن."
جستن,جُستَن,"(جُ تَ) (مص م.)
۱- طلب کردن.
۲- جستجو کردن.
۳- یافتن."
جلب,جَلْب,"(جَ) [ ع. ] (مص م.)
۱- کشیدن، ربودن.
۲- بازداشت، دستگیری."
جلب,جَلَب,"(جَ لَ) [ ع. ] (ص.)
۱- هر چیز فاسد.
۲- حقه باز.
۳- زن بدکار."
جلد,جَلْد,
جلد,جِلْد,
جلدی,جَلدی,(جَ) [ ع  - فا. ]  (حامص.) چالاکی، چستی.
جلدی,جِلدی,(جِ) [ ع  - فا. ] (ص نسب.) بیماری‌های پوستی.
جم,جَم,(جَ) (اِ.) مخفف جمشید، پسر طهمورث، چهارمین پادشاه پیشداد ی.
جم,جُم,(جُ) (اِ.) حرکت، تکان کم.
جنب,جَنب,"(جَ) [ ع. ] (اِ.)
۱- پهلو، کنار.
۲- سمت."
جنب,جُنُب,"(جُ نُ) [ ع. ] (ص.)
۱- کسی که به علت خروج منی، غُسل بر او واجب است.
۲-  بیگانه، بعید، دور."
جنگ,جَنگ,"(جَ) (اِ.)
۱- جدال، ستیز. مق  آشتی.
۲- ناسازگاری، کشمکش.
۳- برخورد مسلحانه. مق  صلح.  ؛ ~ زرگری  جنگ ساختگی و مصلحتی با کسی برای فریب دادن دیگران.  ؛~  روانی  تبلیغات و سایر اقدامات طرح  - ریزی شده که به منظور نفوذ در عقاید، احساسات، رفتار و تمایلات گروه‌های هدف اجرا می‌شود.  ؛~ سرد جنگی که ضمن آن کشورها به جای توسل به زور به جنگ‌های تبلیغاتی و روانی  علیه یکدیگر اکتفا می‌کنند."
جنگ,جُنگ,"(جُ) (اِ.)
۱- کشتی.
۲- دفتری که در آن اشعار و مطالب دیگر نوشته شود.
۳-  مجموعه‌ای از برنامه‌ها درباره موضوعی خاص مانند: جُنگ هنر.
۴- آلبوم عکس‌ها و تصویرها."
حجب,حَجب,"(حَ) [ ع. ] (مص م.)
۱- پوشانیدن.
۲- منع کردن."
حجب,حُجب,(حُ) [ ع. ] (اِ.) شرم، حیا.
حسب,حَسْب,"(حَ) [ ع. ]
۱- (مص م.) شمردن، شماره کردن.
۲- (اِمص.) شرافت، بزرگی."
حسب,حَسَب,(حَ سَ)  [ ع. ]  (ق.) وفق، طبق.
حسن,حَسَن,(حَ سَ) [ ع. ] (ص.) نیکو، جمیل. ج. حِسان.
حسن,حُسـْن,(حُ) [ ع. ] (اِمص.) زیبایی، نیکویی، خوبی.
حشر,حَشْر,(حَ) [ ع. ] (مص م.) گرد آوردن مردم، برانگیختن.
حشر,حَشَر,"(حَ شَ) [ ع. ] (اِ.)
۱- گروه، دسته.
۲- ارتش نامنظم و چریکی."
حول,حَوَل,(حَ وَ) [ ع. ] (مص ل.) کج بین شدن.
حول,حُول,"(حُ) [ ع. ]
۱- (اِمص.) قدرت، توانایی.
۲- (اِ.) قوه، نیرو.
۳-  پیرامون، گرداگرد.
۴- سال، سنه. ج. احوال."
حکم,حَکَم,(حَ کَ) [ ع. ] (ص.) داور.
حکم,حُکْم,"(حُ) [ ع. ] (اِ.)
۱- امر، فرمایش.
۲- داوری، قضاوت.
۳- منشور، فرمان."
حکم,حِکَم,(حِ کَ) [ ع. ] (اِ.) جِ. حکمت ؛ اندرزها، پندها.
خر,خَر,(خَ) [ په. ] (اِ.) پستانداری از راسته فردسمان جزو خانواده اسبان. حیوانی بارکش دارای گوش‌های دراز و یال کوتاه، درازگوش.  ؛ ~آوردن و باقالی بار کردن  کنایه از: دچار دردسر و رسوایی شدن.  ؛ ~ خود راندن  کنایه از: تنها به مسایل خود توجه کردن.  ؛ ~ رنگ کردن کنایه از: مردم ساده را فریفتن.
خر,خِر,(خِ) (اِ.) (عا.) گلو. ~ به  ~ گرفتن: (عا.) گلاویز شدن.
خره,خَره,(خَ رَ) (اِ.) گِل و لای چسبنده.
خره,خُرِه,(خُ رِ) (اِ.) مدار یا گردش آب (در مورد آبیاری به کار می‌رود).
خلط,خَلْط,"(خَ) [ ع. ]
۱- (مص م.) آمیختن، درهم آمیختن.
۲- (اِمص.) آمیزش، اختلاط."
خلط,خِلْط,"(خِ) [ ع. ] (اِ.)
۱- آنچه با چیز دیگر آمیخته شده باشد.
۲- هر یک از سرشت‌های چهارگانه: خون، بلغم، سودا، صفرا. ج. اخلاط."
خلف,خَلْف,(خَ) [ ع. ] (ق.) واپس.
خلف,خَلَف,"(خَ لَ) [ ع. ] (اِ.)
۱- جانشین، بازمانده.
۲- فرزند، فرزند شایسته. ج. اخلاف."
خلف,خُلْف,"(خُ) [ ع. ] (مص ل.)
۱- وفا نکردن به عهد.
۲- دروغ گفتن."
خلق,خَلْق,"(خَ) [ ع. ]
۱- (مص م.) آفریدن.
۲- (اِمص.) آفرینش.۳ - (اِ.)آفریده، مخلوق.۴ - مردم، انسان."
خلق,خُلْق,(خُ) [ ع. ] (اِ.) خوی، عادت، ج. اخلاق.
خم,خَم,"(خَ)
۱- (ص.) کج.
۲- پیچ و تاب.
۳- (اِ.) طاق ایوان.
۴- خانه زمستانی.
۵- گره ابرو، اخم."
خم,خُم,"(خُ) (اِ.)
۱- ظرف سفالینی بزرگ که در آن آب، سرکه، یا شراب ریزند.
۲- کوس، طبل."
دم,دَم,"(دَ) [ په. ] (اِ.)
۱- نفس، هوایی که با نفس کشیدن به داخل ریه فرستاده می‌شود.
۲-  لحظه، هنگام.
۳- کنار و لبه چیزی.
۴- دهان.
۵- کنایه از: نخوت و تکبر.
۶- بانگ، خروش.
۷- بوی، عطر."
دم,دُم,(دُ) [ په. ] (اِ.) = دنب: زایده‌ای است کم و بیش دراز که از تعدد مهره‌های استخوان در دنبالچه به وجود آمده‌است. در جانوران چهارپا به شکل دسته‌ای مو در پشت پاها آویزان است و در پرندگان به شکل پرهایی که در پایان بدن آن روییده.  ؛ ~ اسبی الف - نوعی بستن موی سر از پشت که شبیه دم اسب باشد. ب - باران شدید و مداوم.  ؛~ بر زمین زدن  کنایه از: تسلیم شدن.  ؛ ~ گاوی به دست آوردن: کنایه از: وسیله درآمد یا مقامی به دست آوردن.  ؛ ~ خروس  کنایه از: نادرستی یا دروغگویی.  ؛ با ~  خود گردو شکستن  کنایه از: نهایت شادمانی داشتن.
ده,دَه,(دَ) [ په. ] (اِ.) عدد اصلی پس از نه.
ده,دِه,(دِ) [ په. ] (اِ.) روستا، آبادی کوچک.
دور,دور,[ په. ] (ص.) آن چه از ما فاصله‌ای زمانی یا مکانی دارد.
دور,dor,"(دُ) [ ع. ] (اِمص.)
۱- گردش.
۲- حرکت دورانی چیزی.
۳- نوبت.
۴- پیرامون، محیط.
۵- عصر، زمان."
دوران,دَوَران,(دَ وَ) [ ع. ] (اِمص.) گردش، چرخش.
دوران,دوران,(دُ) (اِ.) روزگار، عهد، دوره، عصر.
دین,دِیْن,(دَ یا دِ) [ ع. ] (اِ.) قرض، وام. ج. دیون.
دین,دین,"[ په. ] (اِ.)
۱- آیین، کیش.
۲- راه، روش.
۳- نام روز بیست وچهارم از هر ماه شمسی و نیز نام یکی از ایزدان زردشتی که نگهبان همین روز می‌باشد."
رس,رَس,(رَ) (اِ.) ریسمان.
رس,رُس,"(رُ) (اِ.)
۱- خاک مخصوص کوزه گری.
۲- (ص.) محکم، سخت  ؛ ~ کسی را بالا آوردن  کنایه از: او را اذیت و آزار کردن.  ؛ ~کسی را کشیدن  او را بی نهایت خسته کردن."
رستن,رَسْتَن,(رَ تَ) (مص ل.) نجات یافتن، رها شدن.
رستن,رُسْتَن,(رُ تَ) [ په. ] (مص ل.) روییدن، نمو کردن.
رفتن,رَفْتَن,"(رَ تَ) [ په. ] (مص ل.)
۱- روان شدن، حرک ت کردن.
۲- کوچ کردن، رحلت کردن.
۳-  گذش تن، سپری شدن.
۴-  مردن.
۵- تأثیر کردن.
۶- شدن، گذشتن.
۷- صورت پذیرفتن، انجام گرفتن.
۹- (عا.) شبیه بودن. 
۱۰ -  بی حال شدن. 
۱۱ - انجام دادن. 
۱۲ - قطع شدن، بریده یا کنده شدن."
رفتن,رُفْتَن,(رُ تَ) (مص م.) نک  روبیدن.
رفت,رُفت,
رفت,رَفت,
رفته,رَفته,"(رَ تِ) (ص مف.)
۱- روانه شده.
۲- کوچ کرده.۳ - گذشته، سپری شده.۴ - درگذشته، مرده."
رفته,رُفته,(رُ تِ) (ص مف.) روبیده.
رم,رَم,(رَ) (اِمص.) ترس، فرار.
رم,رُم,(رَ یا رُ) (اِ.) گرداگرد دهان.
روش,رَوِش,"(رَ وِ)۱ - (اِمص.) عمل رفتن.
۲- خرامش.
۳- (اِ.) معبر.
۴- طرز، رسم."
روش,روش,"(رُ)
۱- روشنایی.
۲- (ص.) روشن."
زبر,زِبَر,"(زَ یا زِ بَ)
۱- (حراض.) بالا، فوق.
۲- (اِ.) حرکت فتحه (-)."
زبر,زِبْر,(زِ) (ص.) خشن، درشت.
زخم,زَخْم,"(زَ) [ په. ] (اِ.)
۱- خراش یا بریدگی هر بخشی از بدن.
۲- مجروح.
۳- ضربه.  ؛ به  ~ کاری زدن  کنایه از: برای آن کار مورد بهره برداری قرار دادن."
زخم,زُخْم,(زُ) [ ع. زهم ] (اِ.) (عا.) طعم و بویی که از سفیده تخم مرغ خام یا از گوشت خام هنگام پختن در آب برآید.
زهره,زَهره,"(زَ رِ یا رَ) (اِ.)
۱- کیسه صفراء.
۲- مایع زرد رنگ و تلخ موجود در کیسه صفرا.  ؛ ~ترک شدن  (عا.) به شدت ترسیدن."
زهره,زُهره,(زُ رِ) [ ع. زهره ] (اِ.) ناهید؛ دومین سیاره منظومه شمسی به نسبت فاصله از خورشید.
زوار,زُوّار,(زِ) نک  زهوار.
زوار,زَوار,(زَ) (ص. اِ.) خدمتکار، پرستار.
سر,سَر,"(سَ رْ) [ په. ] (اِ.)
۱- از اعضای بدن شامل گردن به بالا.
۲- رییس، مهتر.
۳- فکر، اندیشه.
۴- زور، قوت.
۵- پسوندی است که در موارد ذیل استعمال شود. الف: پسوند زمان: پیرانه سر. ب:پسوند مکان: رامسر.  ؛~ و دستار نمودن  کنایه از: خودنمایی کردن."
سر,سُر,(سُ) (اِ.) کفشی که از ریسمان بافند؛ موزه.
سرور,سَروَر,(سَ وَ) (ص مر.) پیشوا، رییس.
سرور,سُرور,"(سُ) [ ع. ]
۱- (مص ل.) شاد شدن.
۲-  (اِمص.) شادمانی."
سیر,سِیر,"(سَ یا س) [ ع. ]
۱- (مص ل.) راه رفتن، گردش کردن.
۲- (اِمص.) رفتار، گردش، حرکت."
سیر,سیر,(اِ.) واحدی برای وزن برابر با ۷۵ گرم.
شل,شَل,(شَ) (اِ.) ران، ران انسان یا حیوان.
شل,شُل,"(شُ) (ص.)۱ - نرم.
۲- وارفته.
۳- سست.
۴- آبکی.  ؛ ~ کن سفت کن درآوردن  کنایه از: دستورهای متضاد دادن یا اعمال متناقض کردن."
شکوه,شِکْوه,"(شَ یا ش  وِ) [ ع  - شکوه ] (اِمص.)
۱- شکایت.
۲- ناله."
شکوه,شُکوه,"(شُ هْ)(اِ.)۱ - شوکت.
۲- مهابت، هیبت."
صور,صور,[ ع. ] (اِ.) بوق، شاخی که در آن بدمند و از آن صدایی خارج شود.
صور,صُوَر,"(صُ وَ) [ ع. ] (اِ.) جِ صورت ؛
۱- نقش‌ها.
۲- قسم‌ها."
عالم,عالَم,"(لَ) [ ع. ] (اِ.)
۱- دنیا، هستی.
۲-  موجودات.
۳- (عا.) نمادی برای بزرگی، عظمت.
۴- حیطه، محدوده ؛ عالم هنر، عالم مستی.
۵- حالت، وضعیت.
۶- هر کدام از دو جهان فانی و باقی، هر کدام از دنیا و آخرت. ؛ ~ و آدم  کنایه از: همه مردم."
عالم,عالِم,(لِ) [ ع. ] (اِفا.) دانا، دانشمند.
غر,غُر,(غُ) (اِصت.) آواز غوک، صدای وزغ.
غر,غِر,(غِ) (ص.) (عا.) = قر: جنباندن جز یا تمام بدن از روی ناز  ؛ ~ و غربیله  ناز و ادا و اطوار.  ؛ ~ و غمزه  جنبانیدن جز یا تمام بدن از روی ناز و توأم با اشاره چشم و ابرو.  ؛ ~و فر الف - آرایش و زینت. ب - غر و غمزه.
غنا,غَنا,(غَ) [ ع. غناء ] (اِمص.) توانگری.
غنا,غِنا,"(غِ) [ ع. غناء ]
۱- (اِمص.) آوازخوانی.
۲- (اِ.) آواز خوش و طرب انگیز، سرود، نغمه."
فر,فَر,(فَ) (اِ.) پر.
فر,فِر,"(فِ) [ فر. ] (اِ.)
۱- نوعی کوره یا اجاق در بسته برای پخت و پز.
۲- نوعی ابزار فلزی گرم شونده برای چین و شکن دادن به موی سر.
۳- ابزار مشابهی که در گل سازی برای شکل دادن به گل‌ها به کار می‌رود، اتوی گل سازی."
فوت,فوت,(اِ.) بادی که از دهان بیرون کنند.
فوت,foat,"(فُ) [ ع. ]
۱- (مص ل.) مردن، درگذشتن.
۲- (اِمص.) مرگ، نیستی."
فک,فَک,(فَ) [ ع. ] (اِ.) آرواره، چانه.
فک,فُک,(فُ) (اِ.) پستانداری گوشتخوار از راسته پره پاییان که کاملاً به زندگی دریایی سازش یافته و در مصب رودخانه‌های بزرگ و مجاور سواحل زندگی می‌کند و فقط برای استراحت و تولید مثل به ساحل می‌آید. دست‌هایش کوتاه و به وسیله پرده‌ای که انگشتان را به یکدیگر مربوط می‌کند تشکیل باله شنا می‌دهد؛ سگ دریایی، گربه دریایی، شیر دریایی نیز گویند.
قسم,قَسَم,(قَ سَ) [ ع. ] (اِ.) سوگند. ج. اقسام.
قسم,قِسْم,"(قِ) [ ع. ] (اِ.)
۱- بهره و نصیب.
۲-  جزیی از کل. ج. اقسام."
قصر,قَصْر,(قَ) [ ع. ] (اِ.) کوتاهی، سستی.
قصر,قِصِر,"(قَ صَ) [ ع. ]
۱- (مص ل.) کوتاه بودن.
۲- (اِمص.) کوتاهی، مق. طول، درازی."
قطر,قُطْر,"(قُ) [ ع. ] (اِ.)
۱- ناحیه، اقلیم.
۲- خطی که از مرکز دایره بگذرد و دو برابر شعاع است.
۳- ضخامت هر چیز. ج. اقطار."
قطر,قَطَر,
لخت,لَخْت,(لَ) (اِ.) جزو، نوع، قسم.
لخت,لُخْت,(لُ) (ص.) برهنه، عریان.
لختی,لَخْتی,"(لَ) (ق.)
۱- اندکی، کمی.
۲- بخشی، قسمتی."
لختی,لُخْتی,(لُ) (حامص.) برهنگی، عوری.  ؛ ~پُختی  برهنه و بی سر و پا.
لم,لَم,(لَ) (اِ.) حالتی بین دراز کشیدن و نشستن.
لم,لِم,(لِ) (اِ.) (عا.) فوت و فن کار، قِلِق کار.
لنگ,لَنگ,(لَ) (ص.) انسان یا حیوان که پایش آسیب دیده باشد و نتواند به درستی راه رود.
لنگ,لُنگ,(لُ) (اِ.) پارچه‌ای که در گرمابه به کمر بندند.
لنگ,لِنگ,(لِ) (اِ.) (عا.) هنگام، وقت.
مجاز,مَجاز,(مَ) [ ع. ] (اِ.) غیر حقیقت، استعمال کلمه‌ای در غیر معنی حقیقی خود به شرط آن که آن معنی از جهتی مناسبت با معنی اصلی داشته باشد.
مجاز,مُجاز,(مُ) [ ع. ] (اِمف.) اجازه داده شده.
مخلص,مَخلَص,(مَ لَ) [ ع. ] (اِ.) خلاصه.
مخلص,مُخلِص,(مُ لِ) [ ع. ] (اِفا.) خالص، صاف.
مراجع,مَراجِع,(مَ جِ) [ ع. ] (اِ.) جِ مرجع.  ؛ ~ تقلید مجتهدانی که مردم از آنان در احکام شرعی تقلید کنند.  ؛ ~ قانون  منابعی که قوانین از آن‌ها اقتباس و استنباط شده‌است.  ؛ ~قانونی  مؤسسات و اداراتی که بر طبق قانون برای مراجعه افراد به منظور تنظیم روابط افراد با همدیگر و روابط افراد با دولت تأسیس شده‌اند.
مراجع,مُراجِع,(مُ جِ) [ ع. ] (اِفا.) در تداول فارسی به معنای مراجعه کننده، رجوع کننده. ج. مراجعین.
مرد,مَرد,"(مَ) [ په. ] (اِ.)
۱- مقابل زن. ج. مردان.
۲- کنایه از: شجاع، دلیر، بخشنده."
مرد,مُرد,(مُ) (اِمص.) مردن، مرگ.
مشک,مَشک,(مَ) [ په. ] (اِ.)= مشگ: خیک، پوست گوسفندی که آن را قالبی کنده باشند.
مشک,مُشک,(مُ) (اِ.) ماده سیاه رنگ و خوشبویی که در ناف آهوی مشک تولید می‌شود.
ملک,مَلَک,(مَ لَ) [ ع. ] (اِ.) فرشته. ج. ملایک، ملایکه.
ملک,مُلْک,"(مُ) [ ع. ] (اِ.)
۱- پادشاهی.
۲- بزرگی، عظمت."
ملک,مِلْک,"(مِ) [ ع. ]
۱- (اِ.) آنچه در تصرف شخص باشد.
۲- زمین متعلق به شخص."
من,مَن,(مَ) (اِ.) واحدی برای وزن برابر با سه کیلوگرم.
من,مِن,(مِ) [ ع. ] (حرف جر، حراض.) از.
منزل,مَنزِل,"(مَ زِ) [ ع. ] (اِ.)
۱- خانه، سرای.
۲- جای فرود آمدن. ج. منازل."
منزل,مُنزَل,(مُ زَ) [ ع. ] (اِمف.) فرو فرستاده شده، فرود آمده.  ؛ وحی  ~ وحی ای که از جانب خداوند نازل شده.
مه,مَه,(مَ) (اِ.) مخفف ماه.
مه,مِه,(مِ) [ په. ] (ص.) بزرگ، سرور. ج. مهان. مق که.
مهر,مَهر,(مَ) [ ع. ] (اِ.) کابین، مهریه.
مهر,مُهر,"(مُ) (اِ.)
۱- آلتی از جنس فلز یا لاستیک که روی آن اسم شخص یا بنگاهی را نقش می‌کنند و از آن به جای امضاء در پای نامه‌ها و قراردادها استفاده می‌کنند.  ؛ ~و موم کردن الف - بستن چیزی از طریق موم چسباندن به در آن و بعد مهر زدن به موم به طوری که به جز فرد مورد نظر کسی نتواند در آن دست ببرد و آن را باز کند. ب -  ضبط اموال متوفای مدیون یا مجرم از طرف مراجع قضایی.
۲- نگین، خاتم. 
۳- قطعه‌ای گل پخته که نمازگزاران شیعه هنگام سجده پیشانی خود را روی آن می‌گذارند."
مهر,مِهر,"(مِ) (اِ.)
۱- آفتاب، خورشید.
۲- دوستی، مهربانی.
۳- نام ماه هفتم از سال شمسی.
۴- نام روز شانزدهم از ماه مهر که ایرانیان جشن مهرگان را در این روز بر پا می‌دارند."
مک,مَک,(مَ) (اِ.) یک بار مکیدن.
مک,مُک,(مُ) (ق.) (عا.) درست، تمام، کامل.
میل,مِیل,"(مِ) [ ع. ] (اِ ص.)
۱- خمیدن.
۲- برگردیدن.
۳- رغبت، آرزو."
میل,mil,"[ ع. ] (اِ.)
۱- سیخ فلزی.
۲- یکی از ادوات ورزش باستانی که از چوب ساخته می‌شود."
نسخ,نَسَخ,
نسخ,نَسْخ,"(نَ) [ ع. ]
۱- (مص م.) منسوخ ساختن و باطل کردن چیزی.
۲- (مص ل.) تغییر صورت دادن.
۳- یکی از شش خط اختراعی ابن مقله که قرآن را معمولاً با آن خط می‌نویسند."
نسخ,نُسَخ,(نُ سَ) [ ع. ] (اِ.) جِ نسخه.
نقل,نَقل,"(نَ) [ ع. ]
۱- (مص م.) جابه جا کردن.
۲- بیان کردن سخن و مطلبی.
۳- قصه گفتن.
۴- (اِ.) داستان، قصه."
نقل,نُقل,"(نُ) [ ع. ] (اِ.)
۱- مزه شراب، آن چه به عنوان مزه همراه شراب می‌خورند.
۲- نوعی شیرینی کمی کوچک تر از فندق که از شکر و دانه‌های معطر درست کنند.  ؛ ~ و نبات تقسیم نکردن  عبارتی دال بر این که مناقشه جدی است و نباید انتظار نرمی و مهربانی داشت."
نه,نَه,(نَ) [ په. ] (حر.) حرف نفی. مق  بلی.
نه,نُه,(نِ) (اِ.) شهر، آبادی.
هرت,هُرت,(هُ) (اِصت.) (عا.) صدایی که از بالا کشیدن مواد مایع از کاسه یا قاشق در دهان برآید.
هرت,هِرت,(هِ) (اِ.) (عا.) هرج و مرج، بی قانونی. ؛ شهر ~ جایی که در آن بی نظمی و بی قانونی و هرج و مرج حکمفرما باشد.
هنگ,هَنگ,"(هَ) [ په. ] (اِ.)
۱- وقار، سنگینی.
۲-  قصد، اراده.
۳- معرفت، دانایی.
۴- از تقسیمات ارتش که مرکب از سه گردان است."
هنگ,هُنگ,(هُ) (اِ.) ذخیره، توشه.
کنگ,کُنگ
هنگ‌کنگ,هُنگ‌کُنگ
هل,هُل,
هل,هِل,
ولو,وَلو,(وَ لَ) [ ع. ] (حر.) اگر، و اگر.
ولو,وِلو,(وِ) (ص.) (عا.) ریخته و پاشیده، پراکنده.
پخ,پَخ,(پَ) (ص.) چیز پهن و صاف که لبه آن گرد باشد و تیزی نداشته باشد.
پخ,پِخ,(پِ) (اِصت.) نوعی صدا برای ترساندن کسی.
پر,پَر,(پَ) [ په. ] (اِ.) بال مرغ، آن چه بر تن پرندگان روید.  ؛~ و بال گرفتن  شاد شدن، به شوق آمدن.  ؛~ و بال کسی را گرفتن  از او حمایت کردن.
پر,پُر,"(پُ) [ په. ] (ص.)
۱- سرشار، انباشته.
۲-  تمام، کامل (ماه).
۳- پیشوندی است که بر سر اسم یافعل می‌آید و صفت می‌سازد. مانند پُرآب، پُرکار."
پرس,پُرْس,"(پُ)
۱- (اِمص.) پرسیدن، پرسش.
۲-  (اِفا.) در ترکیب به معنی پرسنده می‌آید: بازپرس، احوالپرس."
پرس,پِرِس,"(پِ رِ) [ فر. ] (اِ.)
۱- دستگاه فشار که در صنایع سنگین و سبک مورد استفاده فراوان دارد، منگنه (فره).
۲- خبرگزاری، مرکز تهیه و انتشار خبر."
پریز,piriz,(پِ) [ فر. ] (اِ.) وسیله‌ای برای اتصال دو شاخه برق، تلفن، سیم آنتن یا سیم زمین که در محل ثابتی روی دیوار نصب می‌شود و گاهی هم به صورت سیار است.
پز,پَز,(پَ) (اِ.) پشته بلند، عقبه، کتل، پژ.
پز,پُز,(پُ) [ فر. ] (اِ.) شکل، وضع، حالت.  ؛~عالی جیب خالی  خودآرایی و جلوه فروشی در عین بی پولی و بی هنری.
پست,پَست,"(پَ) (ص.)
۱- پایین، نشیب.
۲- کوتاه، کم ارتفاع.
۳- فرومایه، بی سر و پا.
۴- خراب، بد.
۵- نابود، معدوم.
۶- ذلیل، زبون.
۷- دون، خوار.
۸- تنگ چشم، اندک بین.
۹- ناگوار، تلخ. 
۱۰ - هراسان، مشوش. 
۱۱ - بیزار، نفور. 
۱۲ - سست، ضعیف."
پست,پُست,(پُ) (اِ.) مخفف پوست، جلد.
پله,پَله,(پَ) (اِ.) پول، وجه.
پله,پِلِّه,(پَ لِ یا لَ) (اِ.) = فله: شیر حیوان نوزاییده ؛ فله، آغوز، زهک.
پهن,پَهْن,"(پَ)(ص نسب.)۱ - فراخ، گشاد.
۲- عریض، پهناور.
۳- مسطح."
پهن,پِهِن,(پِ هِ) (اِ.) سرگین چهارپایان.  ؛ ~ بار کسی نکردن  کنایه از: کوچکترین ارزش و اهمیتی برای آن کس قایل نشدن.
پک,پَک,(پَ) (اِ.) وزغ، قورباغه.
پک,پُک,"(پُ) (اِ.) (عا.)
۱- یک بار کشیدن سیگار و چپق.
۲- برجستن و فروجستن."
چرک,چُرَک,(چُ رَ) (اِ.) [ تر. ] = چروک. چورک: نان.
چرک,چِرْک,"(چِ) (اِ.)
۱- ماده سفیدرنگی که از زخم و دمل بیرون آید.
۲- ماده تیره رنگ و چربی که به سبب دیر شستن بدن یا لباس در روی پوست یا لباس ظاهر شود.  ؛ ~ دلِ کسی را پاک کردن  کنایه از: رفع کدورت از کسی کردن."
چک,چَک,(چَ) (اِ.) نک  چهارشاخ.
چک,چُک,(چُ) (اِ.) = چوک: آلت تناسلی مرد؛ نره.
چک,چِک,(چِ) [ فر. مأخوذ از فارسی ] (اِ.) برگه‌ای که به موجب آن شخص می‌تواند از حساب خویش در بانک پول بردارد یا به دیگری بدهد. ؛ ~ بی محل  چکی که به علتی برگشت داده شود خواه صاحب چک در بانک موجودی داشته باشد یا نه:  ؛ ~ مسافرتی  چک تضمین شده‌ای با رقم مشخص که بیشتر در مسافرت‌ها از آن استفاده می‌شود، تراولر چک.
کت,کَت,"(کَ) (اِ.)
۱- تخت پادشاهی.
۲- (عا.) شانه و کتف.  ؛ توی  ~ کسی نرفتن  مورد قبول کسی قرار نگرفتن."
کت,کُت,(کُ) [ فر. ] (اِ.) نیم تنه آستین دار مردانه و زنانه.
کد,کَد,(کَ) (اِ.) خانه.
کد,کُد,(کُ) [ انگ. ] (اِ.) علایم اختیاری به منظور اختصار، شناسه، رمز (فره).
کر,کَر,(کَ) [ په. ] (ص.) ناشنوا.
کر,کُرْ,(کُ رْ) [ فر. ] (اِ.) گروهی آوازه خوان که آواز دسته جمعی اجرا می‌کنند.
کرم,کَرَم,(کَ رَ) [ ع. ] (اِمص.) جوانمردی، سخاوت.
کرم,کِرم,(کِ) (اِ.) گروهی از بی مهره گان هستند که در لای و لجن و آب راکد و میوه پدید می‌آیند. اکثراً بدن نرم و برهنه و دراز دارند. مهم ترین انواع آن‌ها عبارتند از: کرم‌های پهن، کرم‌های حلقوی، کرم‌های لوله‌ای. ~ ؛ ~داشتن  الف - دارای کرم بودن. ب - موذی بودن، دنبال دردسر بودن.  ؛ ~ریختن تحریک کردن.
کرم,کِرِم,"(کِ رِ)
۱- (اِ.) رنگ سفید مایل به زردی، نخودی رنگ.
۲-  [ فر. ] (اِ.) ماده‌ای خمیری شکل جهت مراقبت از پوست.
۳- نوعی خمیر نرم جهت تهیه انواع شیرینی و غذا."
کره,کَرِ,(کَ رِ) (اِ.) چربی ای که از ماست و دوغ و خامه گرفته می‌شود.
کره,کُره,(کُ رِ) [ ع. کره ] (اِ.) هر جسم گرد.
کرک,کِرَک,(کَ رَ) (اِ.) بدبدک، بلدرچین، سلوی.
کرک,کُرْک,(کُ) (اِ.) پشم نرم.
کشت,کُشت,(کُ) (مص مر.) کشتن، قتل.
کشت,کِشت,"(کِ)
۱- (مص م.) کاشت، کاشتن.
۲- (ص مف.) زراعت، شخم."
کشتن,کُشتَن,"(کُ تَ) [ په. ] (مص م.)
۱- بی جان کردن.
۲- خاموش کردن آتش و چراغ.
۳- از بین بردن یا سرکوب کردن."
کشتن,کِشتَن,(کِ تَ) (مص م.) کاشتن، زراعت کردن.
کشته,کُشتِه,"(کُ تِ یا تَ) (ص مف.)
۱- مقتول، هلاک شده.
۲- مهره‌ای که بر اثر ضربت طرف موقتاً از بازی خارج شده (نرد)."
کشته,کِشتِه,"(کِ تِ)
۱- (ص مف.) کاشته شده، زراعت شده.
۲- (اِ.) آلو، زردآلو، امرود، شفتالو."
کشتی,کُشتی,"(کُ) (اِ.)
۱- ورزش دونفری که هدف از آن به پشت خواباندن یکی به وسیله دیگری است. مجازاً: تلاش و کوشش جسمی یا ذهنی بسیار سخت.
۲- زنار، کمربند."
کشتی,کِشتی,"(کِ) (اِ.)
۱- سفینه، قایق بزرگ.
۲- نوعی پیاله شراب.  ؛ ~ کسی غرق شدن بسیار افسرده و غمگین شدن."
کفن,کَفْن,(کَ) [ ع. ] (مص م.) پوشاندن جسد مرده با کفن.
کفن,کَفَن,(کَ فَ) [ ع. ] (اِ.) پارچه سفیدی که بر تن مرده کنند.
کل,کَل,(کَ) (ص.) بی مو، مخفف کچل.
کل,کُل,(کُ) (ص.) منحنی، کج، کجی، انحناء.
کلفت,کُلْفَت,"(کُ فَ) [ ع. ] (اِ.)
۱- مشقت، رنج، زحمت، سختی.
۲- خدمتکار زن، کنیز."
کلفت,کُلُفت,(کُ لُ) (ص.) ستبر، ضخیم.  ؛ ~ بار کسی کردن  سخنان تلخ و زننده به او گفتن.
کلم,کَلَم,(کَ لَ) (اِ.) یکی از سبزی‌ها که به مصرف غذایی می‌رسد و بر چند نوع است: کلم برگ، کلم سنگ یا قمری، کلم پیچ که حاوی مقدار زیادی ویتامین ث می‌باشد.
کلم,کَلَّم,(کَ لِ) [ ع. ] (اِ.) ج. کلمه.
کما,کَما,(کَ) [ ع. ] (ق.) همچنان، مانند اینکه.
کما,کُما,(کُ) [ فر. ] (اِ.) حالتی از بی هوشی که در آن بیمار برای مدتی شعور و حواس خود را از دست می‌دهد.
کند,کَند,(کَ) (اِ.) جراحت، ریش.
کند,کُند,"(کُ) (ص.)
۱- مقابلِ تیز و تند.
۲- کودن و نادان.
۳- دلیر و پهلوان."
کنده,کَنده,"(کَ دِ) (ص مف.)
۱- حفر شده.
۲- بیرون کشیده شده.
۳- خندق، گودال، حفره، چاه.
۴- امرد، مفعول."
کنده,کُنده,"(کُ دِ) (اِ.)
۱- چوب ستبری که بر پای مجرمان و اسیران می‌بستند.
۲- هیزم، هیمه.
۳- قسمت پایین درخت.
۴- یکی از فنون کُشتی."
کنه,کَنِ,"(کَ نِ) (اِ.)
۱- حشره ریزی که به پوست بدن حیوان یا انسان می‌چسبد و از طریق منافذ پوست خون را می‌مکد.
۲- کنایه از: آدم سمج و پررو."
کنه,کُنْه,(کُ) [ ع. ] (اِ.) حقیقت، باطن، پایان هر چیز.
کک,کَک,(کَ) (اِ.) = کیک: حشره‌ای است کوچک به  اندازه شپش که هنگام راه رفتن می‌جهد.  ؛~ به تنبان کسی افتادن  کنایه از: به هول و ولا افتادن، دچار وسوسه و هیجان شدن.  ؛ ~ کسی نگزیدن  بی اعتنا به امور بودن، بی خیال  و لاقید همه چیز بودن.  ؛ ~را در هوا نعل کردن کنایه از: رندی و زیرکی زیاد داشتن.
کک,کُک,(کُ) [ فر. ] (اِ.) زغالی که از سوختن ناقص یا تصفیه تقطیر زغال سنگ حاصل شود. تقریباً کربن خالص است و بدون به جا گذاشتن خاکستر کاملاً می‌سوزد و حرارت زیاد تولید می‌کند.
گر,گَر,(گَ) (حر رب. شرط.) مخفف اگر.
گر,گُر,(گُ) (اِ.) (عا.) شعله، زبانه آتش.
گرد,گَرد,"(گَ)
۱- (اِمص.) گردیدن، گشتن، گردش.
۲- (اِفا.) در ترکیب به معنی گردنده آید: ولگرد، دوره گرد.
۳- (اِ.) آسمان، فلک، گردون."
گرد,گُرد,(گُ) [ په. ] (ص.) دلیر، پهلوان.
گرد,گِرد,(گِ) (ص.) هر چیز مدور و دایره شکل.
گردان,گَردان,"(گَ)(ص فا.)۱ - چرخنده، دوار، متحرک.
۲- متغیر، متحول."
گردان,گُردان,"(گُ) (اِ.)
۱- پهلوانان.
۲- یک سوم هَنگ، سه گروهان."
گرم,گَرْم,"(گَ) [ په. ] (ص.)
۱- آن چه دارای گرماست، ض د سرد.
۲- با محبت، صمیمی.
۳- تندخو. ~۴ - دلنشین، دلچسب.  ؛~ و سرد چشیده  کنایه از: آن که تجربه‌های بسیار کرده و ورزیده شده."
گرم,گِرَم,(گِ رَ) [ فر. ] (اِ.) یک هزارم کیلو.
گزیده,گَزیده,(گَ دِ) (ص مف.) نیش خورده.
گزیده,گُزیده,(گُ دِ) (ص مف.) پسندیده، انتخاب کرده.
گل,گُل,"(گُ) [ په. ] (اِ.)
۱- عضو تولید مثلی و تکثیر گیاهان که از برگ‌های تغییر شکل یافته به وجود آمده‌است. گل ممکن است سلول‌های هر دو جنس نر و ماده را شامل باشد و یا فقط ممکن است سلول‌های یک جنس (نر و یا ماده) را دربرداشته باشد. اکثر گل‌ها دارای رنگ‌های مختلف و بوی مطبوع می‌باشند و زیبایی خاصی دارند و از این جهت به عنوان زینت نگه داری می‌شوند.
۲-  به طور عام هر گیاه علفی گل دار.
۳- غنچه وا شده، غنچه شکفته.
۴- مطلق گُل سرخ.
۵-  اخگر، شعله.
۶- خوب، دوست داشتنی.
۷-  محبوب، معشوق.
۸- هر چیز زیبا و محبوب.
۹- نوایی است از موسیقی قدیم. 
۱۰ - قسمت مرکزی هندوانه که خوش خوراک تر است. 
۱۱ - چهره سرخ و خوش آب  و رنگ. 
۱۲ -  اشکال هندسی شش گوشه و هشت گوشه و ده گوشه و دوازده گوشه و غیره که در خاتم سازی به کار می‌رود.  ؛~ از ~ کسی شکفتن  چهره کسی از شادی درخشیدن.  ؛ ~ سرسبد کنایه از: نمونه اعلاء، نمونه بهترین.  ؛~کاشتن  کنایه از: هنرنمایی کردن، کار نظرگیری انجام دادن."
گل,گِل,(گِ) [ په. ] (اِ.) خاک آمیخته با آب.  ؛ در جایی را ~گرفتن  کنایه از: جایی را یک باره تعطیل کردن.
گله,گلّه,(گُ لِ یا لَ) (اِ.) زلف پیچیده و مجعد زنان چون موی زنگی.
گله,گِلِ,(گِ لِ یا لَ) [ په. ] (اِ.) شکایت، شکوه، اظهار دلتنگی و عدم رضایت.
گلکار,گُلکار,(گُ) (ص شغ.) آن که گل در باغ‌ها و باغچه‌ها می‌کارد.
گلکار,گِلکار,(گِ) (ص شغ.) آن که در کارهای ساختمانی کار گِل کاری و درست کردن گِل بااوست.
گلی,گُلی,(گُ) (اِ.) دارای رنگ قرمز روشن.
گلی,گِلی,"(گِ) (ص.)
۱- آلوده یا آغشته به گِل، گل آلود.
۲- ساخته شده از گل."
گنگ,گَنگ,(گَ) (ص.) خمیده، کج، کوژ (مادرزاد و غیره).
گنگ,گُنگ,(گُ) [ په. ] (ص.) لال، بی زبان.
گه,گَه,"(گَ) (اِ.)
۱- وقت، زمان، هنگام.
۲- بوته زرگران."
گه,گُه,(گُ) [ په. ] (اِ.) مدفوع آدمی.
گوشت,گوشت,(اِ.) بخش‌های نرم بدن جانوران به ویژه مهره داران که معمولاً زیر پوست قرا ر دارد این بخش از بدن جانوران حلال گوشت کاربُرد غذایی دارد.
گوشت,گوشِت, 
گون,goon,"[ په. ]
۱- (اِ.) گونه، رنگ.
۲- (پس.) به صورت پسوند در ترکیبات آید به معنی شکل و رنگ: آبگون، آسمان گون، بنفشه گون."
گون,گَوَن,(گَ وَ) (اِ.) نوعی گیاه خاردار که دارای ساقه‌های ستبر و شاخه‌های بلند می‌باشد. بیشتر در نقاط کوهستانی می‌روید و گل‌های آن سفید یا زرد رنگ می‌باشد.
ید,یَد,(یَ) [ ع. ] (اِ.) دست. ج. ایدی. ایادی.
ید,یُد,(یُ) [ فر. ] (اِ.) جسمی است جامد، بلوری و خاکستری مایل به سیاه در آب حل نمی‌شود ولی در الکل محلول است و در داروسازی مورد استفاده قرار می‌گیرد.
می‌کند,می‌کَنَد, 
می‌کند,می‌کُنَد,
کن,کَن,
کن,کُن,
